form,category,effort,task_success,harmonic,arithmetic,geometric,weighted_harmonic,rank_harmonic,rank_arithmetic,rank_geometric,rank_weighted_harmonic
conference,Explicit,1.73,3.23,2.132,2.252,2.191,1.911,4,4,4,4
conference,Implicit,5.0,4.2,2.647,3.4,3.0,3.462,2,1,1,1
conference,Outlier,3.14,3.67,2.677,2.736,2.706,2.889,1,2,2,2
conference,Nonstandard,2.62,3.67,2.47,2.478,2.474,2.544,3,3,3,3
conference,Excess,1.0,4.47,1.211,1.267,1.238,1.095,5,5,5,5
employee,Explicit,3.03,3.0,3.014,3.014,3.014,3.021,2,3,3,3
employee,Implicit,4.34,3.85,2.873,3.245,3.053,3.458,3,2,2,2
employee,Outlier,1.0,2.33,1.571,2.333,1.915,1.222,5,4,5,5
employee,Nonstandard,2.32,4.33,1.938,1.991,1.964,2.11,4,5,4,4
employee,Excess,5.0,3.4,3.421,3.8,3.606,4.062,1,1,1,1
